1,news,50,2016/1/14,   
2,jianfei,1,2016/1/14,
3,jianfeifangfa,50,2016/1/14,
4,jianfeishipu,50,2016/1/14,
5,yaowujianfei,50,2016/1/14,
6,mingxingjianfei,50,2016/1/14,
7,yogajianfei,50,2016/1/14,
8,yundongjianfei,50,2016/1/14,
9,jianfeibaike,50,2016/1/14,
10,renqunjianfei,50,2016/1/14,
11,chanhou,50,2016/1/14,
12,sbz,50,2016/1/14,
13,nanrenjianfei,50,2016/1/14,
14,ertongjianfei,50,2016/1/14,
15,zlnjianfei,50,2016/1/14,
16,jbxjianfei,50,2016/1/14,
17,nvrenjianfei,50,2016/1/14,
18,jubujianfei,50,2016/1/14,
19,shoulian,50,2016/1/14,
20,shoubi,50,2016/1/14,
21,shoubei,50,2016/1/14,
22,fengxiong,50,2016/1/14,
23,shoufu,50,2016/1/14,
24,shouyao,50,2016/1/14,
25,shoutui,50,2016/1/14,
26,meitun,50,2016/1/14,
27,jianfeiwuqu,50,2016/1/14,
28,zhongyijianfei,50,2016/1/14,
29,shoushujianfei,50,2016/1/14,
30,jianfeizhuanjia,50,2016/1/14,
31,jiankangjianfei,50,2016/1/14,
32,yinshi,50,2016/1/14,
33,kexueyinshi,50,2016/1/14,
34,canyindian,50,2016/1/14,
35,prjq,50,2016/1/14,
36,jijieshanshi,50,2016/1/14,
37,baojianshipin,50,2016/1/14,
38,anquanjikou,50,2016/1/14,
39,meirongyinshi,50,2016/1/14,
40,mingmou,50,2016/1/14,
41,paiduiyinshi,50,2016/1/14,
42,hufumeishi,50,2016/1/14,
43,meifazhenjing,50,2016/1/14,
44,xingtisushen,50,2016/1/14,
45,mingxingsushen,50,2016/1/14,
46,richangjianfei,50,2016/1/14,
47,fengxiongmiji,50,2016/1/14,
48,jianshenshipu,50,2016/1/14,
49,tsyy,50,2016/1/14,
50,yeyy,50,2016/1/14,
51,hjyy,50,2016/1/14,
52,cryy,50,2016/1/14,
53,laoryy,50,2016/1/14,
54,yingyangfenxi,50,2016/1/14,
55,guoshu,50,2016/1/14,
56,dounai,50,2016/1/14,
57,qinroudan,50,2016/1/14,
58,shuichan,50,2016/1/14,
59,jiushui,50,2016/1/14,
60,jibingtiaoyang,50,2016/1/14,
61,shuxin,50,2016/1/14,
62,baoganlidan,50,2016/1/14,
63,jianwei,50,2016/1/14,
64,yangpi,50,2016/1/14,
65,chiqing,50,2016/1/14,
66,fukeyaoshan,50,2016/1/14,
67,baojian,50,2016/1/14,
68,jiating,50,2016/1/14,
69,youer,50,2016/1/14,
70,qingnian,50,2016/1/14,
71,nanxing,50,2016/1/14,
72,nvvxing,50,2016/1/14,
73,zhongnian,50,2016/1/14,
74,laonian,50,2016/1/14,
75,zhichang,50,2016/1/14,
76,bangong,50,2016/1/14,
77,yajiankang,50,2016/1/14,
78,jianshen,50,2016/1/14,
79,jscs,50,2016/1/14,
80,jsyd,50,2016/1/14,
81,jswq,50,2016/1/14,
82,jianshenjijiu,50,2016/1/14,
83,yangsheng,50,2016/1/14,
84,yscs,50,2016/1/14,
85,ysmj,50,2016/1/14,
86,care50,50,2016/1/14,
87,care245,50,2016/1/14,
88,care246,50,2016/1/14,
89,care247,50,2016/1/14,
90,care248,50,2016/1/14,
91,care51,50,2016/1/14,
92,care249,50,2016/1/14,
93,care250,50,2016/1/14,
94,care251,50,2016/1/14,
95,care252,50,2016/1/14,
96,tijian,50,2016/1/14,
97,meirong,50,2016/1/14,
98,mlzy,50,2016/1/14,
99,caizhuang,50,2016/1/14,
100,hufu,50,2016/1/14,
101,hufa,50,2016/1/14,
102,xiangshui,50,2016/1/14,
103,zymr,50,2016/1/14,
104,mysp,50,2016/1/14,
105,meiti,50,2016/1/14,
106,shoushen,50,2016/1/14,
107,jbsx,50,2016/1/14,
108,jfsl,50,2016/1/14,
109,ytsp,50,2016/1/14,
110,yszx,50,2016/1/14,
111,qiaotun,50,2016/1/14,
112,jkmr,50,2016/1/14,
113,zhengxing,50,2016/1/14,
114,wgzx,50,2016/1/14,
115,mbzx,50,2016/1/14,
116,xbzx,50,2016/1/14,
117,ztzx,50,2016/1/14,
118,zxxz,50,2016/1/14,
119,zxts,50,2016/1/14,
120,pinpai,50,2016/1/14,
121,zxby,50,2016/1/14,
122,yrmt,50,2016/1/14,
123,renti,50,2016/1/14,
124,shuimian,50,2016/1/14,
125,rssm,50,2016/1/14,
126,smcs,50,2016/1/14,
127,jiemeng,50,2016/1/14,
128,smjb,50,2016/1/14,
129,mtwq,50,2016/1/14,
130,smbj,50,2016/1/14,
131,youmian,50,2016/1/14,
132,chsx,50,2016/1/14,
133,zmyd,50,2016/1/14,
134,smxx,50,2016/1/14,
135,shimian,50,2016/1/14,
136,smzl,50,2016/1/14,
137,smwh,50,2016/1/14,
138,smxl,50,2016/1/14,
139,smyy,50,2016/1/14,
140,smzt,50,2016/1/14,
141,smyq,50,2016/1/14,
142,smyp,50,2016/1/14,
143,smyw,50,2016/1/14,
144,sex,50,2016/1/14,
145,sex63,50,2016/1/14,
146,sex186,50,2016/1/14,
147,sex187,50,2016/1/14,
148,sex188,50,2016/1/14,
149,sex189,50,2016/1/14,
150,sex190,50,2016/1/14,
151,sex191,50,2016/1/14,
152,sex192,50,2016/1/14,
153,sex193,50,2016/1/14,
154,sex64,50,2016/1/14,
155,sex194,50,2016/1/14,
156,sex195,50,2016/1/14,
157,sex196,50,2016/1/14,
158,sex197,50,2016/1/14,
159,ysyy,50,2016/1/14,
160,yqbj,50,2016/1/14,
161,chbj,50,2016/1/14,
162,yufuyy,50,2016/1/14,
163,biyun,50,2016/1/14,
164,bycs,50,2016/1/14,
165,byff,50,2016/1/14,
166,rglc,50,2016/1/14,
167,ywlc,50,2016/1/14,
168,wtlc,50,2016/1/14,
169,xingjibing,50,2016/1/14,
170,xjb,50,2016/1/14,
171,lxzx,50,2016/1/14,
172,zjaz,50,2016/1/14,
173,jbzl,50,2016/1/14,
174,spirit,50,2016/1/14,
175,spirit68,50,2016/1/14,
176,spirit170,50,2016/1/14,
177,spirit171,50,2016/1/14,
178,spirit172,50,2016/1/14,
179,spirit173,50,2016/1/14,
180,spirit69,50,2016/1/14,
181,spirit174,50,2016/1/14,
182,spirit175,50,2016/1/14,
183,spirit176,50,2016/1/14,
184,spirit177,50,2016/1/14,
185,spirit178,50,2016/1/14,
186,spirit179,50,2016/1/14,
187,spirit180,50,2016/1/14,
188,spirit181,50,2016/1/14,
189,spirit70,50,2016/1/14,
190,spirit182,50,2016/1/14,
191,spirit183,50,2016/1/14,
192,spirit184,50,2016/1/14,
193,spirit185,50,2016/1/14,
194,qinggan,50,2016/1/14,
195,lianai,50,2016/1/14,
196,chulian,50,2016/1/14,
197,xiaoyuan,50,2016/1/14,
198,tongju,50,2016/1/14,
199,dsqg,50,2016/1/14,
200,hunyin,50,2016/1/14,
201,sfmt,50,2016/1/14,
202,7nian,50,2016/1/14,
203,poxi,50,2016/1/14,
204,hunwaiqing,50,2016/1/14,
205,lihun,50,2016/1/14,
206,byqg,50,2016/1/14,
207,hongyan,50,2016/1/14,
208,wanglian,50,2016/1/14,
209,aimei,50,2016/1/14,
210,tongzhi,50,2016/1/14,
211,xiezhen,50,2016/1/14,
212,koushu,50,2016/1/14,
213,yinsi,50,2016/1/14,
214,geyan,50,2016/1/14,
215,ganwu,50,2016/1/14,
216,meiwen,50,2016/1/14,
217,danshen,50,2016/1/14,
218,liunian,50,2016/1/14,
219,yule,50,2016/1/14,
220,mingxing,50,2016/1/14,
221,neidi,50,2016/1/14,
222,gangtai,50,2016/1/14,
223,oumei,50,2016/1/14,
224,rihan,50,2016/1/14,
225,yingshi,50,2016/1/14,
226,ytfy,50,2016/1/14,
227,ypjj,50,2016/1/14,
228,yskp,50,2016/1/14,
229,yshb,50,2016/1/14,
230,yinyue,50,2016/1/14,
231,ywkd,50,2016/1/14,
232,yueping,50,2016/1/14,
233,zxdd,50,2016/1/14,
234,ent81,50,2016/1/14,
235,ent150,50,2016/1/14,
236,ent151,50,2016/1/14,
237,ent152,50,2016/1/14,
238,yufang,50,2016/1/14,
239,chuanranbing,50,2016/1/14,
240,huxidao,50,2016/1/14,
241,xiaohuadao,50,2016/1/14,
242,xueye,50,2016/1/14,
243,tibiao,50,2016/1/14,
244,aids,50,2016/1/14,
245,manxingbing,50,2016/1/14,
246,tangniaobing,50,2016/1/14,
247,gaoxueya,50,2016/1/14,
248,feipangzheng,50,2016/1/14,
249,xnxg,50,2016/1/14,
250,pajisen,50,2016/1/14,
251,jijiebing,50,2016/1/14,
252,chunji,50,2016/1/14,
253,xiaji,50,2016/1/14,
254,qiuji,50,2016/1/14,
255,dongji,50,2016/1/14,
256,jibing,50,2016/1/14,
257,neike,50,2016/1/14,
258,waike,50,2016/1/14,
259,erke,50,2016/1/14,
260,yanke,50,2016/1/14,
261,pifuke,50,2016/1/14,
262,fuchan,50,2016/1/14,
263,chuanran,50,2016/1/14,
264,zhongliu,50,2016/1/14,
265,kouqiang,50,2016/1/14,
266,erbihou,50,2016/1/14,
267,xingbing,50,2016/1/14,
268,miniao,50,2016/1/14,
269,zhongyi,50,2016/1/14,
270,jianyan,50,2016/1/14,
271,wuguan,50,2016/1/14,
272,nanke,50,2016/1/14,
273,qtjb,50,2016/1/14,
274,kangfu,50,2016/1/14,
275,kfss,50,2016/1/14,
276,kfcs,50,2016/1/14,
277,kflf,50,2016/1/14,
278,tskf,50,2016/1/14,
279,kfhl,50,2016/1/14,
280,kfzd,50,2016/1/14,
281,kfbl,50,2016/1/14,
282,mxb,50,2016/1/14,
283,crb,50,2016/1/14,
284,waishang,50,2016/1/14,
285,qthz,50,2016/1/14,
286,kfyp,50,2016/1/14,
287,kfyw,50,2016/1/14,
288,kfqx,50,2016/1/14,
289,jiankang,50,2016/1/14,
290,man,51,2016/1/14,
291,manbj,50,2016/1/14,
292,nxsl,50,2016/1/14,
293,nkjb,50,2016/1/14,
294,jsby,50,2016/1/14,
295,scmy,50,2016/1/14,
296,woman,51,2016/1/14,
297,nxbj,50,2016/1/14,
298,nvsl,50,2016/1/14,
299,fuke,50,2016/1/14,
300,nxyp,50,2016/1/14,
301,bysc,50,2016/1/14,
302,xingbaojian,50,2016/1/14,
303,xyjb,50,2016/1/14,
304,xyjt,50,2016/1/14,
305,xybj,50,2016/1/14,
306,syjk268,50,2016/1/14,
307,baby,50,2016/1/14,
308,fenmian,50,2016/1/14,
309,byby,50,2016/1/14,
310,yybb,50,2016/1/14,
311,czjy,50,2016/1/14,
312,yaopin,50,2016/1/14,
313,zcy,50,2016/1/14,
314,caiyao,50,2016/1/14,
315,xiyao,50,2016/1/14,
316,otc,50,2016/1/14,
317,bjy,50,2016/1/14,
318,fkyy,50,2016/1/14,
319,nkyy,50,2016/1/14,
320,wkyy,50,2016/1/14,
321,fukeyy,50,2016/1/14,
322,ekyy,50,2016/1/14,
323,wgyy,50,2016/1/14,
324,jbyy,50,2016/1/14,
325,rqyy,50,2016/1/14,
326,manyy,50,2016/1/14,
327,nxyy,50,2016/1/14,
328,lryy,50,2016/1/14,
329,etyy,50,2016/1/14,
330,yfyy,50,2016/1/14,
331,yyzn,50,2016/1/14,
332,syby,50,2016/1/14,
333,ypcs,50,2016/1/14,
334,yywq,50,2016/1/14,
335,blfy,50,2016/1/14,
336,yyjj,50,2016/1/14,
337,kss,50,2016/1/14,
338,kangshengsu,50,2016/1/14,
339,ksscs,50,2016/1/14,
340,kssyy,50,2016/1/14,
341,ksswq,50,2016/1/14,
342,xinli,50,2016/1/14,
343,hlxl,50,2016/1/14,
344,zcxl,50,2016/1/14,
345,rjxl,50,2016/1/14,
346,czxl,50,2016/1/14,
347,wlxl,50,2016/1/14,
348,xltm,50,2016/1/14,
349,xzxl,50,2016/1/14,
350,xlcs,50,2016/1/14,
351,qssk,50,2016/1/14,
352,yoga,50,2016/1/14,
353,yjkt,50,2016/1/14,
354,yjts,50,2016/1/14,
355,yjjc,50,2016/1/14,
356,ssyj,50,2016/1/14,
357,yjfl,50,2016/1/14,
358,yjlp,50,2016/1/14,
359,yjrd,50,2016/1/14,
